Accesos por cada 100 hogares,Tasa de Crecimiento Penetracion,Ingresos (miles de pesos),Ingresos (miles USD),Tasa de Crecimiento Ingresos,Año-Trimestre-Provincia
54.57,0.0,2984054.21,368.53,0.0,2014-1-Buenos Aires
112.25,0.0,2984054.21,368.53,0.0,2014-1-Capital Federal
24.25,0.0,2984054.21,368.53,0.0,2014-1-Catamarca
20.72,0.0,2984054.21,368.53,0.0,2014-1-Chaco
41.24,0.0,2984054.21,368.53,0.0,2014-1-Chubut
22.32,0.0,2984054.21,368.53,0.0,2014-1-Corrientes
52.52,0.0,2984054.21,368.53,0.0,2014-1-Córdoba
34.37,0.0,2984054.21,368.53,0.0,2014-1-Entre Ríos
17.42,0.0,2984054.21,368.53,0.0,2014-1-Formosa
18.42,0.0,2984054.21,368.53,0.0,2014-1-Jujuy
48.43,0.0,2984054.21,368.53,0.0,2014-1-La Pampa
16.29,0.0,2984054.21,368.53,0.0,2014-1-La Rioja
31.91,0.0,2984054.21,368.53,0.0,2014-1-Mendoza
23.14,0.0,2984054.21,368.53,0.0,2014-1-Misiones
49.79,0.0,2984054.21,368.53,0.0,2014-1-Neuquén
44.91,0.0,2984054.21,368.53,0.0,2014-1-Río Negro
28.7,0.0,2984054.21,368.53,0.0,2014-1-Salta
27.6,0.0,2984054.21,368.53,0.0,2014-1-San Juan
9.35,0.0,2984054.21,368.53,0.0,2014-1-San Luis
28.94,0.0,2984054.21,368.53,0.0,2014-1-Santa Cruz
47.85,0.0,2984054.21,368.53,0.0,2014-1-Santa Fe
16.31,0.0,2984054.21,368.53,0.0,2014-1-Santiago Del Estero
63.97,0.0,2984054.21,368.53,0.0,2014-1-Tierra Del Fuego
33.42,0.0,2984054.21,368.53,0.0,2014-1-Tucumán
55.06,0.0,3270816.2,403.95,0.0,2014-2-Buenos Aires
113.14,0.0,3270816.2,403.95,0.0,2014-2-Capital Federal
24.7,0.0,3270816.2,403.95,0.0,2014-2-Catamarca
20.96,0.0,3270816.2,403.95,0.0,2014-2-Chaco
41.41,0.0,3270816.2,403.95,0.0,2014-2-Chubut
22.58,0.0,3270816.2,403.95,0.0,2014-2-Corrientes
53.45,0.0,3270816.2,403.95,0.0,2014-2-Córdoba
34.69,0.0,3270816.2,403.95,0.0,2014-2-Entre Ríos
17.54,0.0,3270816.2,403.95,0.0,2014-2-Formosa
18.71,0.0,3270816.2,403.95,0.0,2014-2-Jujuy
49.71,0.0,3270816.2,403.95,0.0,2014-2-La Pampa
16.5,0.0,3270816.2,403.95,0.0,2014-2-La Rioja
32.1,0.0,3270816.2,403.95,0.0,2014-2-Mendoza
23.37,0.0,3270816.2,403.95,0.0,2014-2-Misiones
50.84,0.0,3270816.2,403.95,0.0,2014-2-Neuquén
45.33,0.0,3270816.2,403.95,0.0,2014-2-Río Negro
28.91,0.0,3270816.2,403.95,0.0,2014-2-Salta
27.78,0.0,3270816.2,403.95,0.0,2014-2-San Juan
9.72,0.0,3270816.2,403.95,0.0,2014-2-San Luis
29.38,0.0,3270816.2,403.95,0.0,2014-2-Santa Cruz
48.39,0.0,3270816.2,403.95,0.0,2014-2-Santa Fe
16.7,0.0,3270816.2,403.95,0.0,2014-2-Santiago Del Estero
64.36,0.0,3270816.2,403.95,0.0,2014-2-Tierra Del Fuego
33.94,0.0,3270816.2,403.95,0.0,2014-2-Tucumán
56.75,0.0,3478637.74,429.61,0.0,2014-3-Buenos Aires
113.8,0.0,3478637.74,429.61,0.0,2014-3-Capital Federal
24.71,0.0,3478637.74,429.61,0.0,2014-3-Catamarca
21.11,0.0,3478637.74,429.61,0.0,2014-3-Chaco
40.6,0.0,3478637.74,429.61,0.0,2014-3-Chubut
22.79,0.0,3478637.74,429.61,0.0,2014-3-Corrientes
54.23,0.0,3478637.74,429.61,0.0,2014-3-Córdoba
34.98,0.0,3478637.74,429.61,0.0,2014-3-Entre Ríos
17.77,0.0,3478637.74,429.61,0.0,2014-3-Formosa
18.37,0.0,3478637.74,429.61,0.0,2014-3-Jujuy
55.78,0.0,3478637.74,429.61,0.0,2014-3-La Pampa
16.51,0.0,3478637.74,429.61,0.0,2014-3-La Rioja
32.31,0.0,3478637.74,429.61,0.0,2014-3-Mendoza
23.57,0.0,3478637.74,429.61,0.0,2014-3-Misiones
56.4,0.0,3478637.74,429.61,0.0,2014-3-Neuquén
46.2,0.0,3478637.74,429.61,0.0,2014-3-Río Negro
29.22,0.0,3478637.74,429.61,0.0,2014-3-Salta
27.85,0.0,3478637.74,429.61,0.0,2014-3-San Juan
9.71,0.0,3478637.74,429.61,0.0,2014-3-San Luis
28.23,0.0,3478637.74,429.61,0.0,2014-3-Santa Cruz
49.2,0.0,3478637.74,429.61,0.0,2014-3-Santa Fe
16.49,0.0,3478637.74,429.61,0.0,2014-3-Santiago Del Estero
65.69,0.0,3478637.74,429.61,0.0,2014-3-Tierra Del Fuego
33.94,0.0,3478637.74,429.61,0.0,2014-3-Tucumán
56.09,0.0,3950440.78,487.88,0.0,2014-4-Buenos Aires
114.9,0.0,3950440.78,487.88,0.0,2014-4-Capital Federal
25.51,0.0,3950440.78,487.88,0.0,2014-4-Catamarca
21.87,0.0,3950440.78,487.88,0.0,2014-4-Chaco
40.25,0.0,3950440.78,487.88,0.0,2014-4-Chubut
23.56,0.0,3950440.78,487.88,0.0,2014-4-Corrientes
54.7,0.0,3950440.78,487.88,0.0,2014-4-Córdoba
36.03,0.0,3950440.78,487.88,0.0,2014-4-Entre Ríos
17.96,0.0,3950440.78,487.88,0.0,2014-4-Formosa
19.6,0.0,3950440.78,487.88,0.0,2014-4-Jujuy
51.27,0.0,3950440.78,487.88,0.0,2014-4-La Pampa
17.01,0.0,3950440.78,487.88,0.0,2014-4-La Rioja
32.64,0.0,3950440.78,487.88,0.0,2014-4-Mendoza
24.16,0.0,3950440.78,487.88,0.0,2014-4-Misiones
52.55,0.0,3950440.78,487.88,0.0,2014-4-Neuquén
45.48,0.0,3950440.78,487.88,0.0,2014-4-Río Negro
29.53,0.0,3950440.78,487.88,0.0,2014-4-Salta
28.04,0.0,3950440.78,487.88,0.0,2014-4-San Juan
9.79,0.0,3950440.78,487.88,0.0,2014-4-San Luis
27.8,0.0,3950440.78,487.88,0.0,2014-4-Santa Cruz
50.0,0.0,3950440.78,487.88,0.0,2014-4-Santa Fe
17.27,0.0,3950440.78,487.88,0.0,2014-4-Santiago Del Estero
66.14,0.0,3950440.78,487.88,0.0,2014-4-Tierra Del Fuego
35.32,0.0,3950440.78,487.88,0.0,2014-4-Tucumán
56.37,3.2985156679494088,4876385.32,531.53,44.229777765717856,2015-1-Buenos Aires
114.9,2.3608017817372096,4876385.32,531.53,44.229777765717856,2015-1-Capital Federal
25.11,3.546391752577316,4876385.32,531.53,44.229777765717856,2015-1-Catamarca
26.65,28.619691119691115,4876385.32,531.53,44.229777765717856,2015-1-Chaco
37.61,-8.802133850630467,4876385.32,531.53,44.229777765717856,2015-1-Chubut
28.95,29.704301075268802,4876385.32,531.53,44.229777765717856,2015-1-Corrientes
54.7,4.150799695354146,4876385.32,531.53,44.229777765717856,2015-1-Córdoba
42.07,22.403258655804482,4876385.32,531.53,44.229777765717856,2015-1-Entre Ríos
18.12,4.018369690011481,4876385.32,531.53,44.229777765717856,2015-1-Formosa
19.69,6.894679695982631,4876385.32,531.53,44.229777765717856,2015-1-Jujuy
55.51,14.61903778649598,4876385.32,531.53,44.229777765717856,2015-1-La Pampa
16.7,2.516881522406389,4876385.32,531.53,44.229777765717856,2015-1-La Rioja
32.37,1.441554371670306,4876385.32,531.53,44.229777765717856,2015-1-Mendoza
26.31,13.699222126188415,4876385.32,531.53,44.229777765717856,2015-1-Misiones
51.95,4.33822052621009,4876385.32,531.53,44.229777765717856,2015-1-Neuquén
45.33,0.9352037408149716,4876385.32,531.53,44.229777765717856,2015-1-Río Negro
30.01,4.564459930313602,4876385.32,531.53,44.229777765717856,2015-1-Salta
27.55,-0.18115942028985588,4876385.32,531.53,44.229777765717856,2015-1-San Juan
9.72,3.9572192513369187,4876385.32,531.53,44.229777765717856,2015-1-San Luis
27.99,-3.2826537664132793,4876385.32,531.53,44.229777765717856,2015-1-Santa Cruz
50.24,4.99477533960293,4876385.32,531.53,44.229777765717856,2015-1-Santa Fe
17.06,4.5984058859595445,4876385.32,531.53,44.229777765717856,2015-1-Santiago Del Estero
74.23,16.038768172580898,4876385.32,531.53,44.229777765717856,2015-1-Tierra Del Fuego
35.08,4.967085577498498,4876385.32,531.53,44.229777765717856,2015-1-Tucumán
56.8,3.160188884852877,4701790.72,512.5,26.87213764079712,2015-2-Buenos Aires
116.07,2.5897118614106374,4701790.72,512.5,26.87213764079712,2015-2-Capital Federal
25.45,3.0364372469635637,4701790.72,512.5,26.87213764079712,2015-2-Catamarca
27.46,31.011450381679385,4701790.72,512.5,26.87213764079712,2015-2-Chaco
36.58,-11.663849311760444,4701790.72,512.5,26.87213764079712,2015-2-Chubut
29.58,31.000885739592565,4701790.72,512.5,26.87213764079712,2015-2-Corrientes
55.87,4.527595884003732,4701790.72,512.5,26.87213764079712,2015-2-Córdoba
42.93,23.753243009512826,4701790.72,512.5,26.87213764079712,2015-2-Entre Ríos
18.36,4.675028506271373,4701790.72,512.5,26.87213764079712,2015-2-Formosa
20.29,8.444681988241577,4701790.72,512.5,26.87213764079712,2015-2-Jujuy
56.71,14.081673707503528,4701790.72,512.5,26.87213764079712,2015-2-La Pampa
16.88,2.3030303030302957,4701790.72,512.5,26.87213764079712,2015-2-La Rioja
32.49,1.2149532710280297,4701790.72,512.5,26.87213764079712,2015-2-Mendoza
27.35,17.03038083012409,4701790.72,512.5,26.87213764079712,2015-2-Misiones
53.12,4.484657749803289,4701790.72,512.5,26.87213764079712,2015-2-Neuquén
45.98,1.4339289653650944,4701790.72,512.5,26.87213764079712,2015-2-Río Negro
30.46,5.361466620546529,4701790.72,512.5,26.87213764079712,2015-2-Salta
27.64,-0.5039596832253412,4701790.72,512.5,26.87213764079712,2015-2-San Juan
9.71,-0.10288065843621075,4701790.72,512.5,26.87213764079712,2015-2-San Luis
27.07,-7.862491490810076,4701790.72,512.5,26.87213764079712,2015-2-Santa Cruz
51.18,5.765654060756353,4701790.72,512.5,26.87213764079712,2015-2-Santa Fe
17.11,2.455089820359291,4701790.72,512.5,26.87213764079712,2015-2-Santiago Del Estero
74.51,15.77066500932256,4701790.72,512.5,26.87213764079712,2015-2-Tierra Del Fuego
35.69,5.156157925751326,4701790.72,512.5,26.87213764079712,2015-2-Tucumán
57.69,1.6563876651982445,5153738.88,561.76,30.760457158818454,2015-3-Buenos Aires
118.29,3.945518453427077,5153738.88,561.76,30.760457158818454,2015-3-Capital Federal
25.86,4.653986240388508,5153738.88,561.76,30.760457158818454,2015-3-Catamarca
27.96,32.449076267171975,5153738.88,561.76,30.760457158818454,2015-3-Chaco
36.81,-9.334975369458121,5153738.88,561.76,30.760457158818454,2015-3-Chubut
30.17,32.38262395787628,5153738.88,561.76,30.760457158818454,2015-3-Corrientes
57.08,5.255393693527566,5153738.88,561.76,30.760457158818454,2015-3-Córdoba
43.68,24.871355060034304,5153738.88,561.76,30.760457158818454,2015-3-Entre Ríos
18.84,6.021384355655601,5153738.88,561.76,30.760457158818454,2015-3-Formosa
21.27,15.786608600979847,5153738.88,561.76,30.760457158818454,2015-3-Jujuy
57.96,3.9082108282538552,5153738.88,561.76,30.760457158818454,2015-3-La Pampa
17.15,3.8764385221077946,5153738.88,561.76,30.760457158818454,2015-3-La Rioja
32.49,0.557103064066844,5153738.88,561.76,30.760457158818454,2015-3-Mendoza
28.31,20.11030971574035,5153738.88,561.76,30.760457158818454,2015-3-Misiones
54.6,-3.1914893617021267,5153738.88,561.76,30.760457158818454,2015-3-Neuquén
46.39,0.41125541125539566,5153738.88,561.76,30.760457158818454,2015-3-Río Negro
31.18,6.707734428473655,5153738.88,561.76,30.760457158818454,2015-3-Salta
27.67,-0.6463195691202905,5153738.88,561.76,30.760457158818454,2015-3-San Juan
9.71,0.0,5153738.88,561.76,30.760457158818454,2015-3-San Luis
27.61,-2.1962451292950824,5153738.88,561.76,30.760457158818454,2015-3-Santa Cruz
52.15,5.99593495934958,5153738.88,561.76,30.760457158818454,2015-3-Santa Fe
17.12,3.8204972710733864,5153738.88,561.76,30.760457158818454,2015-3-Santiago Del Estero
74.86,13.959506774242648,5153738.88,561.76,30.760457158818454,2015-3-Tierra Del Fuego
36.61,7.866823806717749,5153738.88,561.76,30.760457158818454,2015-3-Tucumán
58.29,3.922267783918687,5376899.21,586.08,20.127900303353297,2015-4-Buenos Aires
118.13,2.8111401218450682,5376899.21,586.08,20.127900303353297,2015-4-Capital Federal
26.24,2.861622892983129,5376899.21,586.08,20.127900303353297,2015-4-Catamarca
28.35,29.629629629629626,5376899.21,586.08,20.127900303353297,2015-4-Chaco
36.89,-8.347826086956523,5376899.21,586.08,20.127900303353297,2015-4-Chubut
30.34,28.77758913412565,5376899.21,586.08,20.127900303353297,2015-4-Corrientes
57.36,4.862888482632544,5376899.21,586.08,20.127900303353297,2015-4-Córdoba
44.11,22.42575631418262,5376899.21,586.08,20.127900303353297,2015-4-Entre Ríos
19.07,6.180400890868598,5376899.21,586.08,20.127900303353297,2015-4-Formosa
21.47,9.540816326530589,5376899.21,586.08,20.127900303353297,2015-4-Jujuy
58.76,14.60893309927831,5376899.21,586.08,20.127900303353297,2015-4-La Pampa
17.32,1.8224573780129205,5376899.21,586.08,20.127900303353297,2015-4-La Rioja
32.49,-0.4595588235294046,5376899.21,586.08,20.127900303353297,2015-4-Mendoza
28.69,18.75,5376899.21,586.08,20.127900303353297,2015-4-Misiones
58.29,10.922930542340637,5376899.21,586.08,20.127900303353297,2015-4-Neuquén
46.44,2.110817941952514,5376899.21,586.08,20.127900303353297,2015-4-Río Negro
31.59,6.975956654249904,5376899.21,586.08,20.127900303353297,2015-4-Salta
27.66,-1.3552068473609125,5376899.21,586.08,20.127900303353297,2015-4-San Juan
9.71,-0.8171603677221473,5376899.21,586.08,20.127900303353297,2015-4-San Luis
27.74,-0.21582733812950394,5376899.21,586.08,20.127900303353297,2015-4-Santa Cruz
52.61,5.220000000000002,5376899.21,586.08,20.127900303353297,2015-4-Santa Fe
17.0,-1.5634047481181246,5376899.21,586.08,20.127900303353297,2015-4-Santiago Del Estero
66.46,0.4838221953431976,5376899.21,586.08,20.127900303353297,2015-4-Tierra Del Fuego
37.06,4.926387315968306,5376899.21,586.08,20.127900303353297,2015-4-Tucumán
57.34,1.7207734610608538,5936844.89,402.93,-24.19430700054559,2016-1-Buenos Aires
115.16,0.2262837249782379,5936844.89,402.93,-24.19430700054559,2016-1-Capital Federal
25.91,3.185981680605332,5936844.89,402.93,-24.19430700054559,2016-1-Catamarca
28.08,5.36585365853659,5936844.89,402.93,-24.19430700054559,2016-1-Chaco
36.09,-4.041478330231307,5936844.89,402.93,-24.19430700054559,2016-1-Chubut
30.08,3.9032815198618342,5936844.89,402.93,-24.19430700054559,2016-1-Corrientes
55.28,1.0603290676416854,5936844.89,402.93,-24.19430700054559,2016-1-Córdoba
43.85,4.231043498930354,5936844.89,402.93,-24.19430700054559,2016-1-Entre Ríos
19.04,5.077262693156714,5936844.89,402.93,-24.19430700054559,2016-1-Formosa
21.41,8.735398679532747,5936844.89,402.93,-24.19430700054559,2016-1-Jujuy
57.84,4.197441902359955,5936844.89,402.93,-24.19430700054559,2016-1-La Pampa
16.83,0.7784431137724424,5936844.89,402.93,-24.19430700054559,2016-1-La Rioja
32.12,-0.7723200494284876,5936844.89,402.93,-24.19430700054559,2016-1-Mendoza
28.37,7.829722538958572,5936844.89,402.93,-24.19430700054559,2016-1-Misiones
55.75,7.314725697786328,5936844.89,402.93,-24.19430700054559,2016-1-Neuquén
45.84,1.1250827266710894,5936844.89,402.93,-24.19430700054559,2016-1-Río Negro
31.32,4.3652115961346105,5936844.89,402.93,-24.19430700054559,2016-1-Salta
27.33,-0.7985480943738743,5936844.89,402.93,-24.19430700054559,2016-1-San Juan
9.59,-1.3374485596707952,5936844.89,402.93,-24.19430700054559,2016-1-San Luis
26.87,-4.001429081814923,5936844.89,402.93,-24.19430700054559,2016-1-Santa Cruz
51.28,2.070063694267521,5936844.89,402.93,-24.19430700054559,2016-1-Santa Fe
16.21,-4.982415005861651,5936844.89,402.93,-24.19430700054559,2016-1-Santiago Del Estero
65.83,-11.316179442274022,5936844.89,402.93,-24.19430700054559,2016-1-Tierra Del Fuego
36.72,4.675028506271373,5936844.89,402.93,-24.19430700054559,2016-1-Tucumán
59.34,4.471830985915504,6534240.6,443.48,-13.467317073170726,2016-2-Buenos Aires
120.04,3.420349788920496,6534240.6,443.48,-13.467317073170726,2016-2-Capital Federal
26.07,2.4361493123772116,6534240.6,443.48,-13.467317073170726,2016-2-Catamarca
28.59,4.115076474872548,6534240.6,443.48,-13.467317073170726,2016-2-Chaco
36.12,-1.2575177692728312,6534240.6,443.48,-13.467317073170726,2016-2-Chubut
30.58,3.380662609871532,6534240.6,443.48,-13.467317073170726,2016-2-Corrientes
57.55,3.006980490424205,6534240.6,443.48,-13.467317073170726,2016-2-Córdoba
44.74,4.216165851385978,6534240.6,443.48,-13.467317073170726,2016-2-Entre Ríos
19.37,5.5010893246187464,6534240.6,443.48,-13.467317073170726,2016-2-Formosa
21.89,7.885657959586001,6534240.6,443.48,-13.467317073170726,2016-2-Jujuy
60.44,6.577323223417375,6534240.6,443.48,-13.467317073170726,2016-2-La Pampa
16.88,0.0,6534240.6,443.48,-13.467317073170726,2016-2-La Rioja
32.13,-1.1080332409972304,6534240.6,443.48,-13.467317073170726,2016-2-Mendoza
29.24,6.910420475319912,6534240.6,443.48,-13.467317073170726,2016-2-Misiones
59.1,11.25753012048194,6534240.6,443.48,-13.467317073170726,2016-2-Neuquén
46.24,0.5654632448890862,6534240.6,443.48,-13.467317073170726,2016-2-Río Negro
32.08,5.318450426789223,6534240.6,443.48,-13.467317073170726,2016-2-Salta
27.34,-1.085383502170767,6534240.6,443.48,-13.467317073170726,2016-2-San Juan
9.6,-1.1328527291452284,6534240.6,443.48,-13.467317073170726,2016-2-San Luis
26.73,-1.256002955301072,6534240.6,443.48,-13.467317073170726,2016-2-Santa Cruz
52.44,2.4618991793669442,6534240.6,443.48,-13.467317073170726,2016-2-Santa Fe
15.89,-7.130333138515477,6534240.6,443.48,-13.467317073170726,2016-2-Santiago Del Estero
67.72,-9.112870755603286,6534240.6,443.48,-13.467317073170726,2016-2-Tierra Del Fuego
37.24,4.342953208181566,6534240.6,443.48,-13.467317073170726,2016-2-Tucumán
60.14,4.246836540128274,6912441.54,469.15,-16.48568783822273,2016-3-Buenos Aires
120.77,2.0965423958068996,6912441.54,469.15,-16.48568783822273,2016-3-Capital Federal
26.48,2.3975251353441696,6912441.54,469.15,-16.48568783822273,2016-3-Catamarca
28.91,3.3977110157367596,6912441.54,469.15,-16.48568783822273,2016-3-Chaco
36.18,-1.7114914425427896,6912441.54,469.15,-16.48568783822273,2016-3-Chubut
31.07,2.9830957905203848,6912441.54,469.15,-16.48568783822273,2016-3-Corrientes
58.24,2.032235459004905,6912441.54,469.15,-16.48568783822273,2016-3-Córdoba
45.44,4.029304029304015,6912441.54,469.15,-16.48568783822273,2016-3-Entre Ríos
18.64,-1.0615711252653925,6912441.54,469.15,-16.48568783822273,2016-3-Formosa
22.61,6.299952985425472,6912441.54,469.15,-16.48568783822273,2016-3-Jujuy
61.73,6.504485852311936,6912441.54,469.15,-16.48568783822273,2016-3-La Pampa
17.07,-0.4664723032069884,6912441.54,469.15,-16.48568783822273,2016-3-La Rioja
32.09,-1.231148045552477,6912441.54,469.15,-16.48568783822273,2016-3-Mendoza
29.91,5.65171317555635,6912441.54,469.15,-16.48568783822273,2016-3-Misiones
60.21,10.274725274725283,6912441.54,469.15,-16.48568783822273,2016-3-Neuquén
46.39,0.0,6912441.54,469.15,-16.48568783822273,2016-3-Río Negro
32.96,5.708787684413097,6912441.54,469.15,-16.48568783822273,2016-3-Salta
27.32,-1.2649078424286309,6912441.54,469.15,-16.48568783822273,2016-3-San Juan
9.63,-0.8238928939237944,6912441.54,469.15,-16.48568783822273,2016-3-San Luis
26.84,-2.7888446215139417,6912441.54,469.15,-16.48568783822273,2016-3-Santa Cruz
52.67,0.9971236816874507,6912441.54,469.15,-16.48568783822273,2016-3-Santa Fe
15.33,-10.455607476635521,6912441.54,469.15,-16.48568783822273,2016-3-Santiago Del Estero
68.94,-7.908095110873637,6912441.54,469.15,-16.48568783822273,2016-3-Tierra Del Fuego
37.9,3.5236274242010257,6912441.54,469.15,-16.48568783822273,2016-3-Tucumán
61.24,5.060902384628596,7483980.39,507.94,-13.332650832650838,2016-4-Buenos Aires
120.63,2.1163125370354585,7483980.39,507.94,-13.332650832650838,2016-4-Capital Federal
26.54,1.143292682926833,7483980.39,507.94,-13.332650832650838,2016-4-Catamarca
28.79,1.5520282186948675,7483980.39,507.94,-13.332650832650838,2016-4-Chaco
36.07,-2.2228246137164565,7483980.39,507.94,-13.332650832650838,2016-4-Chubut
30.98,2.109426499670408,7483980.39,507.94,-13.332650832650838,2016-4-Corrientes
57.7,0.5927475592747644,7483980.39,507.94,-13.332650832650838,2016-4-Córdoba
45.21,2.493765586034913,7483980.39,507.94,-13.332650832650838,2016-4-Entre Ríos
19.85,4.0901940220241295,7483980.39,507.94,-13.332650832650838,2016-4-Formosa
22.65,5.496040987424311,7483980.39,507.94,-13.332650832650838,2016-4-Jujuy
63.02,7.249829816201503,7483980.39,507.94,-13.332650832650838,2016-4-La Pampa
16.46,-4.965357967667439,7483980.39,507.94,-13.332650832650838,2016-4-La Rioja
32.11,-1.1695906432748648,7483980.39,507.94,-13.332650832650838,2016-4-Mendoza
29.72,3.5901010805158506,7483980.39,507.94,-13.332650832650838,2016-4-Misiones
60.87,4.4261451363870385,7483980.39,507.94,-13.332650832650838,2016-4-Neuquén
46.39,-0.10766580534021797,7483980.39,507.94,-13.332650832650838,2016-4-Río Negro
32.69,3.4821145932256936,7483980.39,507.94,-13.332650832650838,2016-4-Salta
27.29,-1.3376717281272654,7483980.39,507.94,-13.332650832650838,2016-4-San Juan
9.64,-0.7209062821833201,7483980.39,507.94,-13.332650832650838,2016-4-San Luis
27.05,-2.487382840663299,7483980.39,507.94,-13.332650832650838,2016-4-Santa Cruz
52.19,-0.7983273141988212,7483980.39,507.94,-13.332650832650838,2016-4-Santa Fe
15.07,-11.352941176470587,7483980.39,507.94,-13.332650832650838,2016-4-Santiago Del Estero
70.31,5.792958170328033,7483980.39,507.94,-13.332650832650838,2016-4-Tierra Del Fuego
37.98,2.4824608742579413,7483980.39,507.94,-13.332650832650838,2016-4-Tucumán
58.57,2.145099407045681,8701201.42,527.12,30.82173082173083,2017-1-Buenos Aires
108.37,-5.896144494616184,8701201.42,527.12,30.82173082173083,2017-1-Capital Federal
25.66,-0.9648784253184051,8701201.42,527.12,30.82173082173083,2017-1-Catamarca
28.62,1.9230769230769384,8701201.42,527.12,30.82173082173083,2017-1-Chaco
35.66,-1.1914657799944717,8701201.42,527.12,30.82173082173083,2017-1-Chubut
30.94,2.859042553191493,8701201.42,527.12,30.82173082173083,2017-1-Corrientes
57.65,4.287264833574533,8701201.42,527.12,30.82173082173083,2017-1-Córdoba
44.91,2.4173318129988575,8701201.42,527.12,30.82173082173083,2017-1-Entre Ríos
19.84,4.201680672268915,8701201.42,527.12,30.82173082173083,2017-1-Formosa
22.76,6.305464736104627,8701201.42,527.12,30.82173082173083,2017-1-Jujuy
62.67,8.350622406638998,8701201.42,527.12,30.82173082173083,2017-1-La Pampa
16.2,-3.743315508021383,8701201.42,527.12,30.82173082173083,2017-1-La Rioja
31.84,-0.8717310087173025,8701201.42,527.12,30.82173082173083,2017-1-Mendoza
29.52,4.053577722946766,8701201.42,527.12,30.82173082173083,2017-1-Misiones
61.02,9.45291479820629,8701201.42,527.12,30.82173082173083,2017-1-Neuquén
46.03,0.41448516579405403,8701201.42,527.12,30.82173082173083,2017-1-Río Negro
32.58,4.022988505747116,8701201.42,527.12,30.82173082173083,2017-1-Salta
27.04,-1.0611050128064403,8701201.42,527.12,30.82173082173083,2017-1-San Juan
9.55,-0.4171011470281427,8701201.42,527.12,30.82173082173083,2017-1-San Luis
26.52,-1.3025679196129514,8701201.42,527.12,30.82173082173083,2017-1-Santa Cruz
51.97,1.3455538221528895,8701201.42,527.12,30.82173082173083,2017-1-Santa Fe
14.7,-9.315237507711293,8701201.42,527.12,30.82173082173083,2017-1-Santiago Del Estero
68.92,4.69390855233176,8701201.42,527.12,30.82173082173083,2017-1-Tierra Del Fuego
37.9,3.213507625272327,8701201.42,527.12,30.82173082173083,2017-1-Tucumán
56.27,-5.173576002696323,9678646.93,586.33,32.21114819157573,2017-2-Buenos Aires
124.06,3.3488837054315157,9678646.93,586.33,32.21114819157573,2017-2-Capital Federal
25.98,-0.345224395857302,9678646.93,586.33,32.21114819157573,2017-2-Catamarca
29.05,1.6089541797831508,9678646.93,586.33,32.21114819157573,2017-2-Chaco
35.55,-1.5780730897009931,9678646.93,586.33,32.21114819157573,2017-2-Chubut
31.39,2.648790058862005,9678646.93,586.33,32.21114819157573,2017-2-Corrientes
58.97,2.46741963509991,9678646.93,586.33,32.21114819157573,2017-2-Córdoba
45.39,1.4528386231560164,9678646.93,586.33,32.21114819157573,2017-2-Entre Ríos
19.97,3.097573567372214,9678646.93,586.33,32.21114819157573,2017-2-Formosa
22.4,2.3298309730470423,9678646.93,586.33,32.21114819157573,2017-2-Jujuy
63.49,5.046326935804113,9678646.93,586.33,32.21114819157573,2017-2-La Pampa
16.2,-4.028436018957349,9678646.93,586.33,32.21114819157573,2017-2-La Rioja
31.76,-1.1515717398070335,9678646.93,586.33,32.21114819157573,2017-2-Mendoza
30.09,2.9069767441860517,9678646.93,586.33,32.21114819157573,2017-2-Misiones
61.91,4.754653130287645,9678646.93,586.33,32.21114819157573,2017-2-Neuquén
46.02,-0.47577854671280173,9678646.93,586.33,32.21114819157573,2017-2-Río Negro
32.74,2.057356608478811,9678646.93,586.33,32.21114819157573,2017-2-Salta
26.96,-1.3899049012435993,9678646.93,586.33,32.21114819157573,2017-2-San Juan
9.51,-0.9375000000000022,9678646.93,586.33,32.21114819157573,2017-2-San Luis
26.25,-1.7957351290684653,9678646.93,586.33,32.21114819157573,2017-2-Santa Cruz
52.27,-0.3241800152555152,9678646.93,586.33,32.21114819157573,2017-2-Santa Fe
14.12,-11.139081183134058,9678646.93,586.33,32.21114819157573,2017-2-Santiago Del Estero
68.46,1.0927347903130435,9678646.93,586.33,32.21114819157573,2017-2-Tierra Del Fuego
38.19,2.5510204081632626,9678646.93,586.33,32.21114819157573,2017-2-Tucumán
55.63,-7.499168606584627,10065997.86,609.8,29.979750612810395,2017-3-Buenos Aires
121.86,0.9025420220253322,10065997.86,609.8,29.979750612810395,2017-3-Capital Federal
32.49,22.696374622356497,10065997.86,609.8,29.979750612810395,2017-3-Catamarca
29.98,3.7011414735385717,10065997.86,609.8,29.979750612810395,2017-3-Chaco
46.22,27.7501381978994,10065997.86,609.8,29.979750612810395,2017-3-Chubut
32.17,3.540392661731584,10065997.86,609.8,29.979750612810395,2017-3-Corrientes
62.31,6.988324175824179,10065997.86,609.8,29.979750612810395,2017-3-Córdoba
45.96,1.1443661971830998,10065997.86,609.8,29.979750612810395,2017-3-Entre Ríos
21.35,14.538626609442073,10065997.86,609.8,29.979750612810395,2017-3-Formosa
22.65,0.17691287041132764,10065997.86,609.8,29.979750612810395,2017-3-Jujuy
69.14,12.003887898914645,10065997.86,609.8,29.979750612810395,2017-3-La Pampa
51.47,201.52314001171644,10065997.86,609.8,29.979750612810395,2017-3-La Rioja
35.7,11.249610470551573,10065997.86,609.8,29.979750612810395,2017-3-Mendoza
30.21,1.0030090270812364,10065997.86,609.8,29.979750612810395,2017-3-Misiones
60.83,1.0297292808503444,10065997.86,609.8,29.979750612810395,2017-3-Neuquén
48.52,4.591506790256528,10065997.86,609.8,29.979750612810395,2017-3-Río Negro
39.84,20.873786407767003,10065997.86,609.8,29.979750612810395,2017-3-Salta
32.37,18.484626647144943,10065997.86,609.8,29.979750612810395,2017-3-San Juan
15.48,60.747663551401864,10065997.86,609.8,29.979750612810395,2017-3-San Luis
33.29,24.03129657228018,10065997.86,609.8,29.979750612810395,2017-3-Santa Cruz
60.91,15.644579456996377,10065997.86,609.8,29.979750612810395,2017-3-Santa Fe
35.12,129.09328114807565,10065997.86,609.8,29.979750612810395,2017-3-Santiago Del Estero
65.74,-4.64171743545112,10065997.86,609.8,29.979750612810395,2017-3-Tierra Del Fuego
39.7,4.74934036939314,10065997.86,609.8,29.979750612810395,2017-3-Tucumán
57.61,-5.927498367080341,11226127.39,680.08,33.88982950742214,2017-4-Buenos Aires
122.9,1.8817872834286709,11226127.39,680.08,33.88982950742214,2017-4-Capital Federal
28.62,7.83722682743031,11226127.39,680.08,33.88982950742214,2017-4-Catamarca
30.81,7.016325112886412,11226127.39,680.08,33.88982950742214,2017-4-Chaco
51.46,42.66703631827002,11226127.39,680.08,33.88982950742214,2017-4-Chubut
32.52,4.970948999354441,11226127.39,680.08,33.88982950742214,2017-4-Corrientes
63.33,9.757365684575392,11226127.39,680.08,33.88982950742214,2017-4-Córdoba
47.89,5.9278920592789275,11226127.39,680.08,33.88982950742214,2017-4-Entre Ríos
21.27,7.153652392947096,11226127.39,680.08,33.88982950742214,2017-4-Formosa
22.74,0.3973509933774766,11226127.39,680.08,33.88982950742214,2017-4-Jujuy
71.05,12.74198667089812,11226127.39,680.08,33.88982950742214,2017-4-La Pampa
51.57,213.30498177399755,11226127.39,680.08,33.88982950742214,2017-4-La Rioja
33.33,3.799439426969786,11226127.39,680.08,33.88982950742214,2017-4-Mendoza
31.14,4.777927321668907,11226127.39,680.08,33.88982950742214,2017-4-Misiones
61.24,0.6078528010514228,11226127.39,680.08,33.88982950742214,2017-4-Neuquén
49.38,6.4453546022849695,11226127.39,680.08,33.88982950742214,2017-4-Río Negro
39.8,21.749770572040372,11226127.39,680.08,33.88982950742214,2017-4-Salta
30.3,11.029681201905461,11226127.39,680.08,33.88982950742214,2017-4-San Juan
10.59,9.854771784232351,11226127.39,680.08,33.88982950742214,2017-4-San Luis
28.91,6.876155268022188,11226127.39,680.08,33.88982950742214,2017-4-Santa Cruz
61.71,18.24104234527688,11226127.39,680.08,33.88982950742214,2017-4-Santa Fe
29.13,93.29794293297941,11226127.39,680.08,33.88982950742214,2017-4-Santiago Del Estero
59.89,-14.820082491821928,11226127.39,680.08,33.88982950742214,2017-4-Tierra Del Fuego
39.9,5.0552922590837435,11226127.39,680.08,33.88982950742214,2017-4-Tucumán
62.63,6.9318763872289635,13171459.23,495.12,-6.070723933829115,2018-1-Buenos Aires
106.24,-1.9654886038571684,13171459.23,495.12,-6.070723933829115,2018-1-Capital Federal
32.79,27.786438035853458,13171459.23,495.12,-6.070723933829115,2018-1-Catamarca
30.83,7.721872816212438,13171459.23,495.12,-6.070723933829115,2018-1-Chaco
53.72,50.64498037016265,13171459.23,495.12,-6.070723933829115,2018-1-Chubut
32.66,5.559146735617304,13171459.23,495.12,-6.070723933829115,2018-1-Corrientes
63.52,10.182133564614059,13171459.23,495.12,-6.070723933829115,2018-1-Córdoba
48.68,8.394566911600986,13171459.23,495.12,-6.070723933829115,2018-1-Entre Ríos
21.4,7.86290322580645,13171459.23,495.12,-6.070723933829115,2018-1-Formosa
23.12,1.5817223198594021,13171459.23,495.12,-6.070723933829115,2018-1-Jujuy
71.75,14.488591032391884,13171459.23,495.12,-6.070723933829115,2018-1-La Pampa
51.44,217.53086419753086,13171459.23,495.12,-6.070723933829115,2018-1-La Rioja
37.07,16.42587939698492,13171459.23,495.12,-6.070723933829115,2018-1-Mendoza
30.96,4.878048780487809,13171459.23,495.12,-6.070723933829115,2018-1-Misiones
61.52,0.8194034742707412,13171459.23,495.12,-6.070723933829115,2018-1-Neuquén
49.82,8.233760590918958,13171459.23,495.12,-6.070723933829115,2018-1-Río Negro
39.78,22.099447513812166,13171459.23,495.12,-6.070723933829115,2018-1-Salta
32.61,20.599112426035514,13171459.23,495.12,-6.070723933829115,2018-1-San Juan
15.15,58.63874345549738,13171459.23,495.12,-6.070723933829115,2018-1-San Luis
33.55,26.50829562594268,13171459.23,495.12,-6.070723933829115,2018-1-Santa Cruz
62.28,19.838368289397735,13171459.23,495.12,-6.070723933829115,2018-1-Santa Fe
34.99,138.02721088435374,13171459.23,495.12,-6.070723933829115,2018-1-Santiago Del Estero
65.2,-5.3975623911781785,13171459.23,495.12,-6.070723933829115,2018-1-Tierra Del Fuego
41.18,8.65435356200528,13171459.23,495.12,-6.070723933829115,2018-1-Tucumán
62.78,11.569219832948274,14319467.46,538.27,-8.196749270888414,2018-2-Buenos Aires
106.53,-14.13025955182976,14319467.46,538.27,-8.196749270888414,2018-2-Capital Federal
32.86,26.48190916089299,14319467.46,538.27,-8.196749270888414,2018-2-Catamarca
31.25,7.5731497418244365,14319467.46,538.27,-8.196749270888414,2018-2-Chaco
54.9,54.43037974683544,14319467.46,538.27,-8.196749270888414,2018-2-Chubut
33.81,7.709461611978341,14319467.46,538.27,-8.196749270888414,2018-2-Corrientes
63.27,7.2918433101577085,14319467.46,538.27,-8.196749270888414,2018-2-Córdoba
49.2,8.393919365499002,14319467.46,538.27,-8.196749270888414,2018-2-Entre Ríos
29.43,47.37105658487732,14319467.46,538.27,-8.196749270888414,2018-2-Formosa
23.43,4.598214285714297,14319467.46,538.27,-8.196749270888414,2018-2-Jujuy
71.04,11.891636478185541,14319467.46,538.27,-8.196749270888414,2018-2-La Pampa
50.98,214.69135802469137,14319467.46,538.27,-8.196749270888414,2018-2-La Rioja
36.97,16.404282115869016,14319467.46,538.27,-8.196749270888414,2018-2-Mendoza
31.63,5.117979395147887,14319467.46,538.27,-8.196749270888414,2018-2-Misiones
60.24,-2.6974640607333122,14319467.46,538.27,-8.196749270888414,2018-2-Neuquén
50.15,8.974358974358964,14319467.46,538.27,-8.196749270888414,2018-2-Río Negro
39.94,21.991447770311524,14319467.46,538.27,-8.196749270888414,2018-2-Salta
32.95,22.218100890207726,14319467.46,538.27,-8.196749270888414,2018-2-San Juan
15.15,59.30599369085174,14319467.46,538.27,-8.196749270888414,2018-2-San Luis
33.33,26.971428571428557,14319467.46,538.27,-8.196749270888414,2018-2-Santa Cruz
62.57,19.705375932657354,14319467.46,538.27,-8.196749270888414,2018-2-Santa Fe
35.26,149.7167138810198,14319467.46,538.27,-8.196749270888414,2018-2-Santiago Del Estero
91.61,33.81536663745255,14319467.46,538.27,-8.196749270888414,2018-2-Tierra Del Fuego
41.51,8.693375229117573,14319467.46,538.27,-8.196749270888414,2018-2-Tucumán
64.44,15.83677871651985,15410980.69,579.3,-5.001639881928499,2018-3-Buenos Aires
108.45,-11.00443131462333,15410980.69,579.3,-5.001639881928499,2018-3-Capital Federal
32.92,1.323484148968923,15410980.69,579.3,-5.001639881928499,2018-3-Catamarca
32.28,7.671781187458304,15410980.69,579.3,-5.001639881928499,2018-3-Chaco
56.39,22.00346170488967,15410980.69,579.3,-5.001639881928499,2018-3-Chubut
34.25,6.465651227852032,15410980.69,579.3,-5.001639881928499,2018-3-Corrientes
64.24,3.0974161450810334,15410980.69,579.3,-5.001639881928499,2018-3-Córdoba
50.22,9.268929503916446,15410980.69,579.3,-5.001639881928499,2018-3-Entre Ríos
29.58,38.54800936768148,15410980.69,579.3,-5.001639881928499,2018-3-Formosa
23.26,2.693156732891855,15410980.69,579.3,-5.001639881928499,2018-3-Jujuy
71.75,3.7749493780734777,15410980.69,579.3,-5.001639881928499,2018-3-La Pampa
50.73,-1.4377307169224807,15410980.69,579.3,-5.001639881928499,2018-3-La Rioja
37.99,6.414565826330532,15410980.69,579.3,-5.001639881928499,2018-3-Mendoza
32.1,6.256206554121158,15410980.69,579.3,-5.001639881928499,2018-3-Misiones
60.49,-0.5589347361499186,15410980.69,579.3,-5.001639881928499,2018-3-Neuquén
50.54,4.163231657048638,15410980.69,579.3,-5.001639881928499,2018-3-Río Negro
39.43,-1.0291164658634666,15410980.69,579.3,-5.001639881928499,2018-3-Salta
33.05,2.1007105344454713,15410980.69,579.3,-5.001639881928499,2018-3-San Juan
52.35,238.1782945736434,15410980.69,579.3,-5.001639881928499,2018-3-San Luis
32.73,-1.682186842895772,15410980.69,579.3,-5.001639881928499,2018-3-Santa Cruz
63.41,4.104416351994744,15410980.69,579.3,-5.001639881928499,2018-3-Santa Fe
36.25,3.217539863325758,15410980.69,579.3,-5.001639881928499,2018-3-Santiago Del Estero
92.77,41.11651962275631,15410980.69,579.3,-5.001639881928499,2018-3-Tierra Del Fuego
41.68,4.987405541561696,15410980.69,579.3,-5.001639881928499,2018-3-Tucumán
64.6,12.13331018920325,16637686.59,625.41,-8.038760145865197,2018-4-Buenos Aires
108.27,-11.903986981285609,16637686.59,625.41,-8.038760145865197,2018-4-Capital Federal
32.23,12.613556953179582,16637686.59,625.41,-8.038760145865197,2018-4-Catamarca
32.59,5.777345017851365,16637686.59,625.41,-8.038760145865197,2018-4-Chaco
42.61,-17.19782355227362,16637686.59,625.41,-8.038760145865197,2018-4-Chubut
34.57,6.303813038130368,16637686.59,625.41,-8.038760145865197,2018-4-Corrientes
65.09,2.7790936365071905,16637686.59,625.41,-8.038760145865197,2018-4-Córdoba
54.37,13.531008561286285,16637686.59,625.41,-8.038760145865197,2018-4-Entre Ríos
29.74,39.821344616831226,16637686.59,625.41,-8.038760145865197,2018-4-Formosa
46.53,104.61741424802113,16637686.59,625.41,-8.038760145865197,2018-4-Jujuy
73.49,3.434201266713588,16637686.59,625.41,-8.038760145865197,2018-4-La Pampa
50.35,-2.365716501842152,16637686.59,625.41,-8.038760145865197,2018-4-La Rioja
37.76,13.291329132913287,16637686.59,625.41,-8.038760145865197,2018-4-Mendoza
34.45,10.629415542710351,16637686.59,625.41,-8.038760145865197,2018-4-Misiones
59.07,-3.5434356629653885,16637686.59,625.41,-8.038760145865197,2018-4-Neuquén
51.86,5.022276225192379,16637686.59,625.41,-8.038760145865197,2018-4-Río Negro
39.8,0.0,16637686.59,625.41,-8.038760145865197,2018-4-Salta
31.9,5.280528052805278,16637686.59,625.41,-8.038760145865197,2018-4-San Juan
67.55,537.865911237016,16637686.59,625.41,-8.038760145865197,2018-4-San Luis
23.69,-18.056035973711516,16637686.59,625.41,-8.038760145865197,2018-4-Santa Cruz
65.59,6.28747366715281,16637686.59,625.41,-8.038760145865197,2018-4-Santa Fe
37.4,28.389975969790605,16637686.59,625.41,-8.038760145865197,2018-4-Santiago Del Estero
93.59,56.26982801803307,16637686.59,625.41,-8.038760145865197,2018-4-Tierra Del Fuego
41.76,4.6616541353383445,16637686.59,625.41,-8.038760145865197,2018-4-Tucumán
66.24,5.764010857416557,20207413.77,433.25,-12.495960575214093,2019-1-Buenos Aires
109.2,2.7861445783132543,20207413.77,433.25,-12.495960575214093,2019-1-Capital Federal
32.19,-1.8298261665141813,20207413.77,433.25,-12.495960575214093,2019-1-Catamarca
32.64,5.8709049626986864,20207413.77,433.25,-12.495960575214093,2019-1-Chaco
43.0,-19.955323901712585,20207413.77,433.25,-12.495960575214093,2019-1-Chubut
35.13,7.562767911818757,20207413.77,433.25,-12.495960575214093,2019-1-Corrientes
65.52,3.148614609571787,20207413.77,433.25,-12.495960575214093,2019-1-Córdoba
56.79,16.659819227608864,20207413.77,433.25,-12.495960575214093,2019-1-Entre Ríos
29.68,38.691588785046726,20207413.77,433.25,-12.495960575214093,2019-1-Formosa
46.41,100.73529411764706,20207413.77,433.25,-12.495960575214093,2019-1-Jujuy
76.35,6.411149825783968,20207413.77,433.25,-12.495960575214093,2019-1-La Pampa
50.18,-2.449455676516321,20207413.77,433.25,-12.495960575214093,2019-1-La Rioja
37.66,1.5915834906932824,20207413.77,433.25,-12.495960575214093,2019-1-Mendoza
36.26,17.1188630490956,20207413.77,433.25,-12.495960575214093,2019-1-Misiones
58.88,-4.29128738621587,20207413.77,433.25,-12.495960575214093,2019-1-Neuquén
53.57,7.527097551184259,20207413.77,433.25,-12.495960575214093,2019-1-Río Negro
40.1,0.8044243338360957,20207413.77,433.25,-12.495960575214093,2019-1-Salta
31.83,-2.3919043238270543,20207413.77,433.25,-12.495960575214093,2019-1-San Juan
67.34,344.4884488448845,20207413.77,433.25,-12.495960575214093,2019-1-San Luis
23.67,-29.448584202682547,20207413.77,433.25,-12.495960575214093,2019-1-Santa Cruz
66.97,7.530507385998719,20207413.77,433.25,-12.495960575214093,2019-1-Santa Fe
37.52,7.230637324949996,20207413.77,433.25,-12.495960575214093,2019-1-Santiago Del Estero
93.38,43.220858895705504,20207413.77,433.25,-12.495960575214093,2019-1-Tierra Del Fuego
41.63,1.0927634774162254,20207413.77,433.25,-12.495960575214093,2019-1-Tucumán
67.85,8.07582032494425,20743117.69,444.73,-17.377895851524315,2019-2-Buenos Aires
110.55,3.7735849056603765,20743117.69,444.73,-17.377895851524315,2019-2-Capital Federal
32.13,-2.2215459525258607,20743117.69,444.73,-17.377895851524315,2019-2-Catamarca
34.14,9.248000000000012,20743117.69,444.73,-17.377895851524315,2019-2-Chaco
46.99,-14.408014571948991,20743117.69,444.73,-17.377895851524315,2019-2-Chubut
38.16,12.866015971606014,20743117.69,444.73,-17.377895851524315,2019-2-Corrientes
68.07,7.586533902323356,20743117.69,444.73,-17.377895851524315,2019-2-Córdoba
57.48,16.82926829268292,20743117.69,444.73,-17.377895851524315,2019-2-Entre Ríos
30.42,3.3639143730886945,20743117.69,444.73,-17.377895851524315,2019-2-Formosa
44.51,89.97012377294067,20743117.69,444.73,-17.377895851524315,2019-2-Jujuy
77.08,8.50225225225223,20743117.69,444.73,-17.377895851524315,2019-2-La Pampa
48.7,-4.472342094939186,20743117.69,444.73,-17.377895851524315,2019-2-La Rioja
40.75,10.22450635650527,20743117.69,444.73,-17.377895851524315,2019-2-Mendoza
39.15,23.774897249446724,20743117.69,444.73,-17.377895851524315,2019-2-Misiones
63.08,4.7144754316069015,20743117.69,444.73,-17.377895851524315,2019-2-Neuquén
61.09,21.814556331006997,20743117.69,444.73,-17.377895851524315,2019-2-Río Negro
41.89,4.882323485227857,20743117.69,444.73,-17.377895851524315,2019-2-Salta
35.6,8.042488619119869,20743117.69,444.73,-17.377895851524315,2019-2-San Juan
81.79,439.8679867986799,20743117.69,444.73,-17.377895851524315,2019-2-San Luis
28.85,-13.441344134413436,20743117.69,444.73,-17.377895851524315,2019-2-Santa Cruz
67.42,7.751318523253947,20743117.69,444.73,-17.377895851524315,2019-2-Santa Fe
52.79,49.71639251276234,20743117.69,444.73,-17.377895851524315,2019-2-Santiago Del Estero
94.8,3.4821526034275685,20743117.69,444.73,-17.377895851524315,2019-2-Tierra Del Fuego
40.14,-3.3004095398699085,20743117.69,444.73,-17.377895851524315,2019-2-Tucumán
69.36,7.635009310986973,21652748.44,464.23,-19.86362851717589,2019-3-Buenos Aires
112.65,3.8727524204702712,21652748.44,464.23,-19.86362851717589,2019-3-Capital Federal
30.88,-6.196840826245453,21652748.44,464.23,-19.86362851717589,2019-3-Catamarca
35.85,11.05947955390334,21652748.44,464.23,-19.86362851717589,2019-3-Chaco
47.57,-15.641071111899274,21652748.44,464.23,-19.86362851717589,2019-3-Chubut
38.49,12.379562043795623,21652748.44,464.23,-19.86362851717589,2019-3-Corrientes
68.59,6.771481942714841,21652748.44,464.23,-19.86362851717589,2019-3-Córdoba
57.9,15.292712066905612,21652748.44,464.23,-19.86362851717589,2019-3-Entre Ríos
30.11,1.7917511832319155,21652748.44,464.23,-19.86362851717589,2019-3-Formosa
44.32,90.54170249355116,21652748.44,464.23,-19.86362851717589,2019-3-Jujuy
77.45,7.94425087108015,21652748.44,464.23,-19.86362851717589,2019-3-La Pampa
47.94,-5.49970431697221,21652748.44,464.23,-19.86362851717589,2019-3-La Rioja
40.74,7.238747038694382,21652748.44,464.23,-19.86362851717589,2019-3-Mendoza
39.33,22.52336448598129,21652748.44,464.23,-19.86362851717589,2019-3-Misiones
64.14,6.034055215738143,21652748.44,464.23,-19.86362851717589,2019-3-Neuquén
63.42,25.48476454293629,21652748.44,464.23,-19.86362851717589,2019-3-Río Negro
44.48,12.807506974384975,21652748.44,464.23,-19.86362851717589,2019-3-Salta
37.06,12.133131618759464,21652748.44,464.23,-19.86362851717589,2019-3-San Juan
85.23,62.8080229226361,21652748.44,464.23,-19.86362851717589,2019-3-San Luis
35.63,8.860372746715562,21652748.44,464.23,-19.86362851717589,2019-3-Santa Cruz
68.87,8.610629238290501,21652748.44,464.23,-19.86362851717589,2019-3-Santa Fe
55.3,52.55172413793103,21652748.44,464.23,-19.86362851717589,2019-3-Santiago Del Estero
96.46,3.977578958715089,21652748.44,464.23,-19.86362851717589,2019-3-Tierra Del Fuego
39.49,-5.25431861804222,21652748.44,464.23,-19.86362851717589,2019-3-Tucumán
64.25,-0.5417956656346701,24169250.7,518.19,-17.14395356646039,2019-4-Buenos Aires
106.25,-1.8657061051076007,24169250.7,518.19,-17.14395356646039,2019-4-Capital Federal
36.44,13.062364256903503,24169250.7,518.19,-17.14395356646039,2019-4-Catamarca
36.84,13.040810064436936,24169250.7,518.19,-17.14395356646039,2019-4-Chaco
51.15,20.042243604787615,24169250.7,518.19,-17.14395356646039,2019-4-Chubut
38.77,12.149262366213499,24169250.7,518.19,-17.14395356646039,2019-4-Corrientes
70.48,8.280841911199888,24169250.7,518.19,-17.14395356646039,2019-4-Córdoba
57.99,6.658083501931222,24169250.7,518.19,-17.14395356646039,2019-4-Entre Ríos
30.47,2.454606590450581,24169250.7,518.19,-17.14395356646039,2019-4-Formosa
45.38,-2.4715237481194863,24169250.7,518.19,-17.14395356646039,2019-4-Jujuy
76.92,4.667301673697111,24169250.7,518.19,-17.14395356646039,2019-4-La Pampa
47.14,-6.37537239324727,24169250.7,518.19,-17.14395356646039,2019-4-La Rioja
33.65,-10.884533898305083,24169250.7,518.19,-17.14395356646039,2019-4-Mendoza
39.79,15.500725689404927,24169250.7,518.19,-17.14395356646039,2019-4-Misiones
59.36,0.49094294904350466,24169250.7,518.19,-17.14395356646039,2019-4-Neuquén
55.71,7.423833397608948,24169250.7,518.19,-17.14395356646039,2019-4-Río Negro
50.35,26.507537688442227,24169250.7,518.19,-17.14395356646039,2019-4-Salta
32.85,2.9780564263322873,24169250.7,518.19,-17.14395356646039,2019-4-San Juan
74.92,10.910436713545524,24169250.7,518.19,-17.14395356646039,2019-4-San Luis
36.71,54.959898691430986,24169250.7,518.19,-17.14395356646039,2019-4-Santa Cruz
69.48,5.930782131422463,24169250.7,518.19,-17.14395356646039,2019-4-Santa Fe
42.92,14.759358288770063,24169250.7,518.19,-17.14395356646039,2019-4-Santiago Del Estero
79.7,-14.841329201837805,24169250.7,518.19,-17.14395356646039,2019-4-Tierra Del Fuego
47.65,14.104406130268199,24169250.7,518.19,-17.14395356646039,2019-4-Tucumán
64.33,-2.883454106280192,29946216.45,432.72,-0.12233121754182674,2020-1-Buenos Aires
105.98,-2.9487179487179493,29946216.45,432.72,-0.12233121754182674,2020-1-Capital Federal
37.62,16.868592730661703,29946216.45,432.72,-0.12233121754182674,2020-1-Catamarca
37.48,14.828431372549012,29946216.45,432.72,-0.12233121754182674,2020-1-Chaco
51.27,19.232558139534884,29946216.45,432.72,-0.12233121754182674,2020-1-Chubut
38.73,10.247651579846263,29946216.45,432.72,-0.12233121754182674,2020-1-Corrientes
70.69,7.890720390720385,29946216.45,432.72,-0.12233121754182674,2020-1-Córdoba
56.12,-1.1797851734460352,29946216.45,432.72,-0.12233121754182674,2020-1-Entre Ríos
30.23,1.8530997304582186,29946216.45,432.72,-0.12233121754182674,2020-1-Formosa
46.67,0.5602240896358746,29946216.45,432.72,-0.12233121754182674,2020-1-Jujuy
75.77,-0.7596594629993403,29946216.45,432.72,-0.12233121754182674,2020-1-La Pampa
46.35,-7.632522917497009,29946216.45,432.72,-0.12233121754182674,2020-1-La Rioja
33.14,-12.002124269782255,29946216.45,432.72,-0.12233121754182674,2020-1-Mendoza
39.02,7.611693325979063,29946216.45,432.72,-0.12233121754182674,2020-1-Misiones
61.85,5.044157608695654,29946216.45,432.72,-0.12233121754182674,2020-1-Neuquén
55.12,2.893410490946424,29946216.45,432.72,-0.12233121754182674,2020-1-Río Negro
49.6,23.690773067331673,29946216.45,432.72,-0.12233121754182674,2020-1-Salta
32.39,1.759346528432304,29946216.45,432.72,-0.12233121754182674,2020-1-San Juan
76.31,13.320463320463327,29946216.45,432.72,-0.12233121754182674,2020-1-San Luis
35.97,51.96451204055765,29946216.45,432.72,-0.12233121754182674,2020-1-Santa Cruz
69.52,3.807675078393302,29946216.45,432.72,-0.12233121754182674,2020-1-Santa Fe
42.47,13.192963752665232,29946216.45,432.72,-0.12233121754182674,2020-1-Santiago Del Estero
76.07,-18.537159991432862,29946216.45,432.72,-0.12233121754182674,2020-1-Tierra Del Fuego
47.85,14.941148210425181,29946216.45,432.72,-0.12233121754182674,2020-1-Tucumán
65.22,-3.8761974944730992,32102475.99,463.88,4.305983405661862,2020-2-Buenos Aires
106.41,-3.7449118046132934,32102475.99,463.88,4.305983405661862,2020-2-Capital Federal
45.43,41.39433551198255,32102475.99,463.88,4.305983405661862,2020-2-Catamarca
39.83,16.66666666666665,32102475.99,463.88,4.305983405661862,2020-2-Chaco
57.34,22.02596297084487,32102475.99,463.88,4.305983405661862,2020-2-Chubut
40.3,5.607966457023061,32102475.99,463.88,4.305983405661862,2020-2-Corrientes
72.71,6.816512413691789,32102475.99,463.88,4.305983405661862,2020-2-Córdoba
56.54,-1.6353514265831537,32102475.99,463.88,4.305983405661862,2020-2-Entre Ríos
31.14,2.3668639053254337,32102475.99,463.88,4.305983405661862,2020-2-Formosa
47.89,7.5937991462592835,32102475.99,463.88,4.305983405661862,2020-2-Jujuy
76.1,-1.2714063310845902,32102475.99,463.88,4.305983405661862,2020-2-La Pampa
49.84,2.340862422997958,32102475.99,463.88,4.305983405661862,2020-2-La Rioja
36.25,-11.042944785276077,32102475.99,463.88,4.305983405661862,2020-2-Mendoza
40.89,4.444444444444451,32102475.99,463.88,4.305983405661862,2020-2-Misiones
63.9,1.2999365884591052,32102475.99,463.88,4.305983405661862,2020-2-Neuquén
56.37,-7.72630545097398,32102475.99,463.88,4.305983405661862,2020-2-Río Negro
51.58,23.132012413463833,32102475.99,463.88,4.305983405661862,2020-2-Salta
35.09,-1.4325842696629176,32102475.99,463.88,4.305983405661862,2020-2-San Juan
78.41,-4.132534539674793,32102475.99,463.88,4.305983405661862,2020-2-San Luis
35.79,24.055459272097046,32102475.99,463.88,4.305983405661862,2020-2-Santa Cruz
70.0,3.826757638682876,32102475.99,463.88,4.305983405661862,2020-2-Santa Fe
43.47,-17.654858874786893,32102475.99,463.88,4.305983405661862,2020-2-Santiago Del Estero
76.37,-19.44092827004219,32102475.99,463.88,4.305983405661862,2020-2-Tierra Del Fuego
51.78,28.998505231689098,32102475.99,463.88,4.305983405661862,2020-2-Tucumán
67.66,-2.450980392156865,31997444.53,462.36,-0.4028175688775004,2020-3-Buenos Aires
107.68,-4.411895250776743,31997444.53,462.36,-0.4028175688775004,2020-3-Capital Federal
47.16,52.720207253885995,31997444.53,462.36,-0.4028175688775004,2020-3-Catamarca
41.54,15.871687587168747,31997444.53,462.36,-0.4028175688775004,2020-3-Chaco
68.34,43.66197183098593,31997444.53,462.36,-0.4028175688775004,2020-3-Chubut
41.75,8.469732398025464,31997444.53,462.36,-0.4028175688775004,2020-3-Corrientes
75.22,9.66613208922582,31997444.53,462.36,-0.4028175688775004,2020-3-Córdoba
58.19,0.5008635578583664,31997444.53,462.36,-0.4028175688775004,2020-3-Entre Ríos
31.91,5.978080371969452,31997444.53,462.36,-0.4028175688775004,2020-3-Formosa
54.04,21.931407942238266,31997444.53,462.36,-0.4028175688775004,2020-3-Jujuy
79.26,2.336991607488703,31997444.53,462.36,-0.4028175688775004,2020-3-La Pampa
50.12,4.547350855235721,31997444.53,462.36,-0.4028175688775004,2020-3-La Rioja
37.35,-8.321060382916057,31997444.53,462.36,-0.4028175688775004,2020-3-Mendoza
41.6,5.771675565725909,31997444.53,462.36,-0.4028175688775004,2020-3-Misiones
65.24,1.714998440910498,31997444.53,462.36,-0.4028175688775004,2020-3-Neuquén
57.05,-10.044150110375282,31997444.53,462.36,-0.4028175688775004,2020-3-Río Negro
52.32,17.625899280575542,31997444.53,462.36,-0.4028175688775004,2020-3-Salta
38.79,4.668105774419851,31997444.53,462.36,-0.4028175688775004,2020-3-San Juan
79.96,-6.183268802065012,31997444.53,462.36,-0.4028175688775004,2020-3-San Luis
35.95,0.8981195621667215,31997444.53,462.36,-0.4028175688775004,2020-3-Santa Cruz
72.12,4.719035864672572,31997444.53,462.36,-0.4028175688775004,2020-3-Santa Fe
43.38,-21.555153707052433,31997444.53,462.36,-0.4028175688775004,2020-3-Santiago Del Estero
76.81,-20.37113829566659,31997444.53,462.36,-0.4028175688775004,2020-3-Tierra Del Fuego
53.23,34.79361863762978,31997444.53,462.36,-0.4028175688775004,2020-3-Tucumán
68.98,7.361867704280156,33539702.72,484.65,-6.472529381115044,2020-4-Buenos Aires
108.31,1.9388235294117706,33539702.72,484.65,-6.472529381115044,2020-4-Capital Federal
49.41,35.5927552140505,33539702.72,484.65,-6.472529381115044,2020-4-Catamarca
43.03,16.802388707926163,33539702.72,484.65,-6.472529381115044,2020-4-Chaco
68.35,33.626588465298134,33539702.72,484.65,-6.472529381115044,2020-4-Chubut
42.43,9.440288883157066,33539702.72,484.65,-6.472529381115044,2020-4-Corrientes
78.08,10.78320090805902,33539702.72,484.65,-6.472529381115044,2020-4-Córdoba
59.47,2.55216416623556,33539702.72,484.65,-6.472529381115044,2020-4-Entre Ríos
32.49,6.629471611421089,33539702.72,484.65,-6.472529381115044,2020-4-Formosa
53.46,17.80520052886734,33539702.72,484.65,-6.472529381115044,2020-4-Jujuy
81.77,6.305252210088397,33539702.72,484.65,-6.472529381115044,2020-4-La Pampa
50.11,6.30038184132371,33539702.72,484.65,-6.472529381115044,2020-4-La Rioja
38.63,14.799405646359599,33539702.72,484.65,-6.472529381115044,2020-4-Mendoza
42.64,7.162603669263645,33539702.72,484.65,-6.472529381115044,2020-4-Misiones
67.0,12.870619946091644,33539702.72,484.65,-6.472529381115044,2020-4-Neuquén
61.09,9.657153114342144,33539702.72,484.65,-6.472529381115044,2020-4-Río Negro
54.04,7.328699106256198,33539702.72,484.65,-6.472529381115044,2020-4-Salta
36.32,10.563165905631644,33539702.72,484.65,-6.472529381115044,2020-4-San Juan
81.68,9.022957821676458,33539702.72,484.65,-6.472529381115044,2020-4-San Luis
37.0,0.7899754835194672,33539702.72,484.65,-6.472529381115044,2020-4-Santa Cruz
73.58,5.900978698906156,33539702.72,484.65,-6.472529381115044,2020-4-Santa Fe
43.75,1.9338303821062386,33539702.72,484.65,-6.472529381115044,2020-4-Santiago Del Estero
76.27,-4.3036386449184505,33539702.72,484.65,-6.472529381115044,2020-4-Tierra Del Fuego
54.78,14.963273871983219,33539702.72,484.65,-6.472529381115044,2020-4-Tucumán
69.11,7.430436810197416,36676371.36,386.57,-10.665095211684239,2021-1-Buenos Aires
108.42,2.3023211926778586,36676371.36,386.57,-10.665095211684239,2021-1-Capital Federal
48.9,29.984051036682622,36676371.36,386.57,-10.665095211684239,2021-1-Catamarca
43.14,15.101387406616883,36676371.36,386.57,-10.665095211684239,2021-1-Chaco
68.99,34.56212209869318,36676371.36,386.57,-10.665095211684239,2021-1-Chubut
42.66,10.147172734314491,36676371.36,386.57,-10.665095211684239,2021-1-Corrientes
78.59,11.175555241193958,36676371.36,386.57,-10.665095211684239,2021-1-Córdoba
60.44,7.697790449037778,36676371.36,386.57,-10.665095211684239,2021-1-Entre Ríos
32.73,8.269930532583514,36676371.36,386.57,-10.665095211684239,2021-1-Formosa
55.63,19.198628669380756,36676371.36,386.57,-10.665095211684239,2021-1-Jujuy
81.78,7.9318991685363605,36676371.36,386.57,-10.665095211684239,2021-1-La Pampa
49.81,7.4649406688241715,36676371.36,386.57,-10.665095211684239,2021-1-La Rioja
39.15,18.135184067592025,36676371.36,386.57,-10.665095211684239,2021-1-Mendoza
43.17,10.635571501793951,36676371.36,386.57,-10.665095211684239,2021-1-Misiones
66.84,8.067906224737275,36676371.36,386.57,-10.665095211684239,2021-1-Neuquén
60.88,10.449927431059525,36676371.36,386.57,-10.665095211684239,2021-1-Río Negro
53.93,8.729838709677406,36676371.36,386.57,-10.665095211684239,2021-1-Salta
39.06,20.592775548008646,36676371.36,386.57,-10.665095211684239,2021-1-San Juan
81.24,6.460490106145977,36676371.36,386.57,-10.665095211684239,2021-1-San Luis
41.65,15.790936891854312,36676371.36,386.57,-10.665095211684239,2021-1-Santa Cruz
73.92,6.329113924050644,36676371.36,386.57,-10.665095211684239,2021-1-Santa Fe
45.67,7.534730397927958,36676371.36,386.57,-10.665095211684239,2021-1-Santiago Del Estero
77.35,1.682660707243322,36676371.36,386.57,-10.665095211684239,2021-1-Tierra Del Fuego
54.82,14.566353187042846,36676371.36,386.57,-10.665095211684239,2021-1-Tucumán
70.0,7.329040171726464,38239666.63,403.05,-13.113305165128908,2021-2-Buenos Aires
110.14,3.505309651348565,38239666.63,403.05,-13.113305165128908,2021-2-Capital Federal
52.34,15.210213515298276,38239666.63,403.05,-13.113305165128908,2021-2-Catamarca
43.33,8.787346221441128,38239666.63,403.05,-13.113305165128908,2021-2-Chaco
72.29,26.07254970352284,38239666.63,403.05,-13.113305165128908,2021-2-Chubut
43.54,8.039702233250633,38239666.63,403.05,-13.113305165128908,2021-2-Corrientes
80.12,10.191170402970728,38239666.63,403.05,-13.113305165128908,2021-2-Córdoba
61.66,9.055535903784918,38239666.63,403.05,-13.113305165128908,2021-2-Entre Ríos
33.23,6.711624919717396,38239666.63,403.05,-13.113305165128908,2021-2-Formosa
56.18,17.31050323658383,38239666.63,403.05,-13.113305165128908,2021-2-Jujuy
82.08,7.858081471747713,38239666.63,403.05,-13.113305165128908,2021-2-La Pampa
76.98,54.45425361155698,38239666.63,403.05,-13.113305165128908,2021-2-La Rioja
40.97,13.0206896551724,38239666.63,403.05,-13.113305165128908,2021-2-Mendoza
45.01,10.075813157251146,38239666.63,403.05,-13.113305165128908,2021-2-Misiones
69.14,8.200312989045377,38239666.63,403.05,-13.113305165128908,2021-2-Neuquén
61.94,9.881142451658675,38239666.63,403.05,-13.113305165128908,2021-2-Río Negro
54.93,6.494765412950754,38239666.63,403.05,-13.113305165128908,2021-2-Salta
39.28,11.940723852949553,38239666.63,403.05,-13.113305165128908,2021-2-San Juan
83.48,6.466011988266818,38239666.63,403.05,-13.113305165128908,2021-2-San Luis
44.01,22.96730930427493,38239666.63,403.05,-13.113305165128908,2021-2-Santa Cruz
75.07,7.242857142857129,38239666.63,403.05,-13.113305165128908,2021-2-Santa Fe
46.56,7.108350586611456,38239666.63,403.05,-13.113305165128908,2021-2-Santiago Del Estero
67.89,-11.103836585046489,38239666.63,403.05,-13.113305165128908,2021-2-Tierra Del Fuego
54.93,6.083429895712622,38239666.63,403.05,-13.113305165128908,2021-2-Tucumán
71.68,5.941472066213427,42999944.29,453.22,-1.976814603339383,2021-3-Buenos Aires
111.27,3.333952451708755,42999944.29,453.22,-1.976814603339383,2021-3-Capital Federal
52.71,11.768447837150141,42999944.29,453.22,-1.976814603339383,2021-3-Catamarca
42.96,3.4183919114106898,42999944.29,453.22,-1.976814603339383,2021-3-Chaco
80.71,18.100673105062913,42999944.29,453.22,-1.976814603339383,2021-3-Chubut
44.9,7.544910179640718,42999944.29,453.22,-1.976814603339383,2021-3-Corrientes
81.28,8.056367987237433,42999944.29,453.22,-1.976814603339383,2021-3-Córdoba
62.18,6.856848255714043,42999944.29,453.22,-1.976814603339383,2021-3-Entre Ríos
33.96,6.424318395487316,42999944.29,453.22,-1.976814603339383,2021-3-Formosa
55.69,3.0532938564026724,42999944.29,453.22,-1.976814603339383,2021-3-Jujuy
84.28,6.333585667423658,42999944.29,453.22,-1.976814603339383,2021-3-La Pampa
77.26,54.150039904229864,42999944.29,453.22,-1.976814603339383,2021-3-La Rioja
45.55,21.954484605087,42999944.29,453.22,-1.976814603339383,2021-3-Mendoza
45.57,9.543269230769225,42999944.29,453.22,-1.976814603339383,2021-3-Misiones
69.71,6.851624770079701,42999944.29,453.22,-1.976814603339383,2021-3-Neuquén
61.97,8.62401402278703,42999944.29,453.22,-1.976814603339383,2021-3-Río Negro
55.96,6.95718654434252,42999944.29,453.22,-1.976814603339383,2021-3-Salta
39.46,1.727249291054389,42999944.29,453.22,-1.976814603339383,2021-3-San Juan
79.87,-0.11255627813905322,42999944.29,453.22,-1.976814603339383,2021-3-San Luis
43.75,21.69680111265646,42999944.29,453.22,-1.976814603339383,2021-3-Santa Cruz
75.02,4.021075984470324,42999944.29,453.22,-1.976814603339383,2021-3-Santa Fe
47.0,8.344859382203772,42999944.29,453.22,-1.976814603339383,2021-3-Santiago Del Estero
94.95,23.61671657336284,42999944.29,453.22,-1.976814603339383,2021-3-Tierra Del Fuego
54.64,2.6488822092804787,42999944.29,453.22,-1.976814603339383,2021-3-Tucumán
75.66,9.6839663670629,45467887.17,479.23,-1.1183328174971585,2021-4-Buenos Aires
111.27,2.7328963161296294,45467887.17,479.23,-1.1183328174971585,2021-4-Capital Federal
55.25,11.819469742967016,45467887.17,479.23,-1.1183328174971585,2021-4-Catamarca
44.05,2.3704392284452647,45467887.17,479.23,-1.1183328174971585,2021-4-Chaco
82.57,20.804681784930512,45467887.17,479.23,-1.1183328174971585,2021-4-Chubut
45.51,7.2590148479849015,45467887.17,479.23,-1.1183328174971585,2021-4-Corrientes
84.51,8.235143442622949,45467887.17,479.23,-1.1183328174971585,2021-4-Córdoba
63.16,6.2048091474693035,45467887.17,479.23,-1.1183328174971585,2021-4-Entre Ríos
34.45,6.03262542320715,45467887.17,479.23,-1.1183328174971585,2021-4-Formosa
56.92,6.47212869435092,45467887.17,479.23,-1.1183328174971585,2021-4-Jujuy
89.57,9.5389507154213,45467887.17,479.23,-1.1183328174971585,2021-4-La Pampa
77.92,55.49790460985831,45467887.17,479.23,-1.1183328174971585,2021-4-La Rioja
47.51,22.98731555785658,45467887.17,479.23,-1.1183328174971585,2021-4-Mendoza
49.06,15.056285178236406,45467887.17,479.23,-1.1183328174971585,2021-4-Misiones
73.3,9.40298507462687,45467887.17,479.23,-1.1183328174971585,2021-4-Neuquén
65.69,7.529873956457678,45467887.17,479.23,-1.1183328174971585,2021-4-Río Negro
56.81,5.125832716506307,45467887.17,479.23,-1.1183328174971585,2021-4-Salta
39.59,9.003303964757725,45467887.17,479.23,-1.1183328174971585,2021-4-San Juan
80.3,-1.6895200783545672,45467887.17,479.23,-1.1183328174971585,2021-4-San Luis
43.05,16.35135135135135,45467887.17,479.23,-1.1183328174971585,2021-4-Santa Cruz
77.09,4.770318021201425,45467887.17,479.23,-1.1183328174971585,2021-4-Santa Fe
47.05,7.54285714285714,45467887.17,479.23,-1.1183328174971585,2021-4-Santiago Del Estero
98.4,29.015340238625953,45467887.17,479.23,-1.1183328174971585,2021-4-Tierra Del Fuego
55.93,2.099306316173788,45467887.17,479.23,-1.1183328174971585,2021-4-Tucumán
76.08,10.085371147446098,55219313.01,433.25,12.075432651266272,2022-1-Buenos Aires
111.8,3.1175059952038398,55219313.01,433.25,12.075432651266272,2022-1-Capital Federal
58.21,19.03885480572598,55219313.01,433.25,12.075432651266272,2022-1-Catamarca
44.06,2.132591562355124,55219313.01,433.25,12.075432651266272,2022-1-Chaco
88.05,27.62719234671691,55219313.01,433.25,12.075432651266272,2022-1-Chubut
47.64,11.673699015471172,55219313.01,433.25,12.075432651266272,2022-1-Corrientes
85.76,9.12329812953303,55219313.01,433.25,12.075432651266272,2022-1-Córdoba
63.7,5.393778954334882,55219313.01,433.25,12.075432651266272,2022-1-Entre Ríos
34.96,6.813321112129556,55219313.01,433.25,12.075432651266272,2022-1-Formosa
58.06,4.368146683444185,55219313.01,433.25,12.075432651266272,2022-1-Jujuy
91.66,12.081193445830273,55219313.01,433.25,12.075432651266272,2022-1-La Pampa
78.77,58.140935555109394,55219313.01,433.25,12.075432651266272,2022-1-La Rioja
48.74,24.495530012771404,55219313.01,433.25,12.075432651266272,2022-1-Mendoza
49.04,13.597405605744717,55219313.01,433.25,12.075432651266272,2022-1-Misiones
74.17,10.966487133453029,55219313.01,433.25,12.075432651266272,2022-1-Neuquén
67.04,10.118265440210262,55219313.01,433.25,12.075432651266272,2022-1-Río Negro
56.11,4.042277025774155,55219313.01,433.25,12.075432651266272,2022-1-Salta
43.55,11.495135688684055,55219313.01,433.25,12.075432651266272,2022-1-San Juan
80.72,-0.6400787789266338,55219313.01,433.25,12.075432651266272,2022-1-San Luis
43.34,4.057623049219705,55219313.01,433.25,12.075432651266272,2022-1-Santa Cruz
77.3,4.572510822510822,55219313.01,433.25,12.075432651266272,2022-1-Santa Fe
47.17,3.284431793299758,55219313.01,433.25,12.075432651266272,2022-1-Santiago Del Estero
98.29,27.071751777634145,55219313.01,433.25,12.075432651266272,2022-1-Tierra Del Fuego
57.39,4.68807004742795,55219313.01,433.25,12.075432651266272,2022-1-Tucumán
77.58,10.828571428571433,60419500.62,474.05,17.615680436670388,2022-2-Buenos Aires
121.31,10.14163791538043,60419500.62,474.05,17.615680436670388,2022-2-Capital Federal
62.4,19.220481467328998,60419500.62,474.05,17.615680436670388,2022-2-Catamarca
43.79,1.0616201246249624,60419500.62,474.05,17.615680436670388,2022-2-Chaco
83.19,15.07815742149674,60419500.62,474.05,17.615680436670388,2022-2-Chubut
48.35,11.047312815801558,60419500.62,474.05,17.615680436670388,2022-2-Corrientes
87.48,9.186220668996503,60419500.62,474.05,17.615680436670388,2022-2-Córdoba
63.9,3.6328251702886893,60419500.62,474.05,17.615680436670388,2022-2-Entre Ríos
43.42,30.66506169124288,60419500.62,474.05,17.615680436670388,2022-2-Formosa
57.32,2.029191883232473,60419500.62,474.05,17.615680436670388,2022-2-Jujuy
92.98,13.27972709551657,60419500.62,474.05,17.615680436670388,2022-2-La Pampa
80.14,4.1049623278773595,60419500.62,474.05,17.615680436670388,2022-2-La Rioja
49.39,20.551623138882125,60419500.62,474.05,17.615680436670388,2022-2-Mendoza
51.0,13.30815374361254,60419500.62,474.05,17.615680436670388,2022-2-Misiones
80.02,15.736187445762218,60419500.62,474.05,17.615680436670388,2022-2-Neuquén
67.85,9.541491766225384,60419500.62,474.05,17.615680436670388,2022-2-Río Negro
57.54,4.751501911523759,60419500.62,474.05,17.615680436670388,2022-2-Salta
49.46,25.91649694501019,60419500.62,474.05,17.615680436670388,2022-2-San Juan
81.76,-2.060373742213706,60419500.62,474.05,17.615680436670388,2022-2-San Luis
43.15,-1.9541013406044083,60419500.62,474.05,17.615680436670388,2022-2-Santa Cruz
77.9,3.7698148394831765,60419500.62,474.05,17.615680436670388,2022-2-Santa Fe
47.7,2.448453608247414,60419500.62,474.05,17.615680436670388,2022-2-Santiago Del Estero
99.86,47.09088230961851,60419500.62,474.05,17.615680436670388,2022-2-Tierra Del Fuego
59.31,7.973784817039875,60419500.62,474.05,17.615680436670388,2022-2-Tucumán
78.11,8.970424107142838,64086784.33,502.82,10.94391244870041,2022-3-Buenos Aires
122.28,9.894850363979524,64086784.33,502.82,10.94391244870041,2022-3-Capital Federal
65.33,23.94232593435781,64086784.33,502.82,10.94391244870041,2022-3-Catamarca
43.86,2.0949720670391025,64086784.33,502.82,10.94391244870041,2022-3-Chaco
84.38,4.547144096146694,64086784.33,502.82,10.94391244870041,2022-3-Chubut
48.21,7.371937639198234,64086784.33,502.82,10.94391244870041,2022-3-Corrientes
88.31,8.649114173228355,64086784.33,502.82,10.94391244870041,2022-3-Córdoba
63.67,2.3962688967513746,64086784.33,502.82,10.94391244870041,2022-3-Entre Ríos
43.76,28.857479387514708,64086784.33,502.82,10.94391244870041,2022-3-Formosa
58.91,5.782007541748957,64086784.33,502.82,10.94391244870041,2022-3-Jujuy
96.59,14.606074988134798,64086784.33,502.82,10.94391244870041,2022-3-La Pampa
80.66,4.400724825265323,64086784.33,502.82,10.94391244870041,2022-3-La Rioja
51.03,12.030735455543361,64086784.33,502.82,10.94391244870041,2022-3-Mendoza
51.82,13.71516348474875,64086784.33,502.82,10.94391244870041,2022-3-Misiones
80.37,15.29192368383303,64086784.33,502.82,10.94391244870041,2022-3-Neuquén
67.98,9.698241084395676,64086784.33,502.82,10.94391244870041,2022-3-Río Negro
57.76,3.216583273766971,64086784.33,502.82,10.94391244870041,2022-3-Salta
50.8,28.73796249366447,64086784.33,502.82,10.94391244870041,2022-3-San Juan
81.74,2.3413046200075005,64086784.33,502.82,10.94391244870041,2022-3-San Luis
43.19,-1.2800000000000034,64086784.33,502.82,10.94391244870041,2022-3-Santa Cruz
78.55,4.705411890162625,64086784.33,502.82,10.94391244870041,2022-3-Santa Fe
47.98,2.0851063829787186,64086784.33,502.82,10.94391244870041,2022-3-Santiago Del Estero
99.51,4.80252764612954,64086784.33,502.82,10.94391244870041,2022-3-Tierra Del Fuego
61.14,11.896046852122977,64086784.33,502.82,10.94391244870041,2022-3-Tucumán
78.94,4.335183716627022,72443482.99,568.39,18.604845272624825,2022-4-Buenos Aires
122.73,10.2992720409814,72443482.99,568.39,18.604845272624825,2022-4-Capital Federal
65.77,19.04072398190044,72443482.99,568.39,18.604845272624825,2022-4-Catamarca
43.62,-0.97616345062429,72443482.99,568.39,18.604845272624825,2022-4-Chaco
85.57,3.633280852609899,72443482.99,568.39,18.604845272624825,2022-4-Chubut
51.64,13.469567128103721,72443482.99,568.39,18.604845272624825,2022-4-Corrientes
89.03,5.3484794698852145,72443482.99,568.39,18.604845272624825,2022-4-Córdoba
64.01,1.3457884737175574,72443482.99,568.39,18.604845272624825,2022-4-Entre Ríos
39.41,14.397677793904196,72443482.99,568.39,18.604845272624825,2022-4-Formosa
58.46,2.7055516514406186,72443482.99,568.39,18.604845272624825,2022-4-Jujuy
94.8,5.839008596628337,72443482.99,568.39,18.604845272624825,2022-4-La Pampa
79.86,2.489733059548249,72443482.99,568.39,18.604845272624825,2022-4-La Rioja
51.36,8.103557145864038,72443482.99,568.39,18.604845272624825,2022-4-Mendoza
52.85,7.725234406848758,72443482.99,568.39,18.604845272624825,2022-4-Misiones
78.67,7.326057298772182,72443482.99,568.39,18.604845272624825,2022-4-Neuquén
68.42,4.155883696148588,72443482.99,568.39,18.604845272624825,2022-4-Río Negro
57.96,2.0242914979757165,72443482.99,568.39,18.604845272624825,2022-4-Salta
50.88,28.517302349078054,72443482.99,568.39,18.604845272624825,2022-4-San Juan
90.27,12.415940224159394,72443482.99,568.39,18.604845272624825,2022-4-San Luis
43.53,1.1149825783972167,72443482.99,568.39,18.604845272624825,2022-4-Santa Cruz
78.4,1.6993124918925906,72443482.99,568.39,18.604845272624825,2022-4-Santa Fe
48.05,2.125398512221044,72443482.99,568.39,18.604845272624825,2022-4-Santiago Del Estero
101.44,3.089430894308931,72443482.99,568.39,18.604845272624825,2022-4-Tierra Del Fuego
61.04,9.136420525657062,72443482.99,568.39,18.604845272624825,2022-4-Tucumán
